"","sort(unique(names(data_CoOccur_CA)))"
"1","Pyrene_uf_µg_L"
"2","PCB194_uf_µg_L"
"3","Perylene_uf_µg_L"
"4","Phosmet_uf_µg_L"
"5","PCB200_uf_µg_L"
"6","Heptachlor_uf_µg_L"
"7","PCB158_uf_µg_L"
"8","PCB195_uf_µg_L"
"9","PCB203_uf_µg_L"
"10","Fe_uf_µg_L"
"11","PCB201_uf_µg_L"
"12","Prallethrin_uf_µg_L"
"13","PCB209_uf_µg_L"
"14","Fenitrothion_uf_µg_L"
"15","PCB206_uf_µg_L"
"16","Fenchlorphos_uf_µg_L"
"17","PCB183_uf_µg_L"
"18","Prometon_uf_µg_L"
"19","Permethrin_cis_uf_µg_L"
"20","HCH_gamma_uf_µg_L"
"21","PCB189_uf_µg_L"
"22","Fenvalerate_uf_µg_L"
"23","Permethrin_uf_µg_L"
"24","Permethrin_trans_uf_µg_L"
"25","PhenanthreneAnthracene_C4_uf_µg_L"
"26","Heptachlor_epoxide_uf_µg_L"
"27","PhenanthreneAnthracene_C3_uf_µg_L"
"28","Fe_f_µg_L"
"29","Sulfotep_uf_µg_L"
"30","Phorate_uf_µg_L"
"31","Se_µg_g"
"32","Pheo_a_Particulate_µg_L"
"33","Hg_µg_g"
"34","PCB170_uf_µg_L"
"35","Hexachlorobenzene_uf_µg_L"
"36","PCB180_uf_µg_L"
"37","Tetrachloroethane_1112_uf_µg_L"
"38","PCB177_uf_µg_L"
"39","Tedion_uf_µg_L"
"40","PCB174_uf_µg_L"
"41","Prometryn_uf_µg_L"
"42","Indeno.123cd.pyrene_uf_µg_L"
"43","Thiobencarb_uf_µg_L"
"44","Sulfamerazine_uf_µg_L"
"45","Propylbenzene_n_uf_µg_L"
"46","Propazine_uf_µg_L"
"47","PCB187_uf_µg_L"
"48","Sulfathiazole_uf_µg_L"
"49","Naphthalenes_C1_uf_µg_L"
"50","Naphthalenes_C4_uf_µg_L"
"51","PCB015_uf_µg_L"
"52","Simetryn_uf_µg_L"
"53","Xylene_o_uf_µg_L"
"54","Xylene_mp_uf_µg_L"
"55","MicrocystinLY_uf_µg_L"
"56","Tokuthion_uf_µg_L"
"57","Trichlorfon_uf_µg_L"
"58","Ibuprofen_uf_µg_L"
"59","Parathion_Methyl_uf_µg_L"
"60","Terphenyl_d14_Surrogate_uf_µg_L"
"61","Simazine_uf_µg_L"
"62","Isopropyltoluene_p_uf_µg_L"
"63","Triclosan_uf_µg_L"
"64","Sb_µg_g"
"65","Secbumeton_uf_µg_L"
"66","Pb_µg_g"
"67","PhenanthreneAnthracene_C2_uf_µg_L"
"68","HCH_delta_uf_µg_L"
"69","PCB005_uf_µg_L"
"70","Merphos_uf_µg_L"
"71","Methyldibenzothiophene_4_uf_µg_L"
"72","Sulfamethazine_uf_µg_L"
"73","PCB008_uf_µg_L"
"74","PCB095_uf_µg_L"
"75","Ni_µg_g"
"76","Methylfluoranthene_2_uf_µg_L"
"77","PCB031_uf_µg_L"
"78","Methylnaphthalene_1_uf_µg_L"
"79","Trichloronate_uf_µg_L"
"80","Trichloroethylene_uf_µg_L"
"81","Sulfachloropyridazine_uf_µg_L"
"82","PhenanthreneAnthracene_C1_uf_µg_L"
"83","Terbufos_uf_µg_L"
"84","Gemfibrozil_uf_µg_L"
"85","Roxithromycin_uf_µg_L"
"86","Fenthion_uf_µg_L"
"87","PCB118_uf_µg_L"
"88","PCB077_uf_µg_L"
"89","PCB097_uf_µg_L"
"90","Nonylphenol_uf_µg_L"
"91","PCB028_uf_µg_L"
"92","Terbutryn_uf_µg_L"
"93","Nonachlor_cis_uf_µg_L"
"94","Tetrachloroethane_1122_uf_µg_L"
"95","Methidathion_uf_µg_L"
"96","PCB151_uf_µg_L"
"97","Tetracycline_uf_µg_L"
"98","Oxytetracycline_uf_µg_L"
"99","Oxychlordane_uf_µg_L"
"100","Dichloroethylene_trans_.12_uf_µg_L"
"101","HCH_beta_uf_µg_L"
"102","PCB018_uf_µg_L"
"103","PCB049_uf_µg_L"
"104","MicrocystinRR_Particulate_µg_L"
"105","Trimethylbenzene_135_uf_µg_L"
"106","PCB066_uf_µg_L"
"107","Sulfamethoxazole_uf_µg_L"
"108","PCB153_uf_µg_L"
"109","Zn_µg_g"
"110","Dichloroethane_11_uf_µg_L"
"111","Fe_µg_g"
"112","Malathion_uf_µg_L"
"113","Dibenzothiophene_uf_µg_L"
"114","Fenpropathrin_uf_µg_L"
"115","Trimethylnaphthalene_235_uf_µg_L"
"116","PCB128_uf_µg_L"
"117","Aspon_uf_µg_L"
"118","Sulfamethizole_uf_µg_L"
"119","Phosphamidon_uf_µg_L"
"120","Phenanthrene_uf_µg_L"
"121","Trichlorobenzene_124_uf_µg_L"
"122","Naphthalene_uf_µg_L"
"123","Fensulfothion_uf_µg_L"
"124","Tylosin_uf_µg_L"
"125","Toluene_uf_µg_L"
"126","Mn_f_µg_L"
"127","Tetrachlorvinphos_uf_µg_L"
"128","PCB029_uf_µg_L"
"129","PCB070_uf_µg_L"
"130","Fluorenes_C3_uf_µg_L"
"131","Parathion_Ethyl_uf_µg_L"
"132","Naphthalenes_C3_uf_µg_L"
"133","PCB056_uf_µg_L"
"134","PCB099_uf_µg_L"
"135","Lincomycin_uf_µg_L"
"136","OkadaicAcid_Particulate_µg_L"
"137","Tetrachloroethylene_uf_µg_L"
"138","PCB114_uf_µg_L"
"139","Isopropylbenzene_uf_µg_L"
"140","Dimethoate_uf_µg_L"
"141","OkadaicAcid_uf_µg_L"
"142","PCB074_uf_µg_L"
"143","PCB052_uf_µg_L"
"144","Trichlorobenzene_123_uf_µg_L"
"145","Dibromochloromethane_uf_µg_L"
"146","Atrazine_uf_µg_L"
"147","PCB027_uf_µg_L"
"148","Terbuthylazine_uf_µg_L"
"149","PCB126_uf_µg_L"
"150","Trimethoprim_uf_µg_L"
"151","Dibenzothiophenes_C2_uf_µg_L"
"152","Naled_uf_µg_L"
"153","PCB110_uf_µg_L"
"154","Dimethylphenanthrene_36_uf_µg_L"
"155","PCB137_uf_µg_L"
"156","ANC_uf_µeq_L"
"157","MicrocystinYR_Particulate_µg_L"
"158","Demeton_o_uf_µg_L"
"159","DesmethylRR_uf_µg_L"
"160","Trichloroethane_112_uf_µg_L"
"161","PCB033_uf_µg_L"
"162","Benzo.k.fluoranthene_uf_µg_L"
"163","Dichloropropene_11_uf_µg_L"
"164","Mevinphos_uf_µg_L"
"165","Trichloropropane_123_uf_µg_L"
"166","FluoranthenePyrenes_C1_uf_µg_L"
"167","MicrocystinLA_uf_µg_L"
"168","MicrocystinLF_Particulate_µg_L"
"169","Disulfoton_uf_µg_L"
"170","Esfenvalerate_uf_µg_L"
"171","Fluorene_uf_µg_L"
"172","Oxadiazon_uf_µg_L"
"173","Doxycycline_uf_µg_L"
"174","PCB105_uf_µg_L"
"175","PCB101_uf_µg_L"
"176","PCB087_uf_µg_L"
"177","Dichloroethane_12_uf_µg_L"
"178","PCB149_uf_µg_L"
"179","Thionazin_uf_µg_L"
"180","Dioxathion._uf_µg_L"
"181","PCB156_uf_µg_L"
"182","PCB138_uf_µg_L"
"183","Dichloroethylene_11_uf_µg_L"
"184","PCB157_uf_µg_L"
"185","Naphthalenes_C2_uf_µg_L"
"186","Hexachlorobutadiene_uf_µg_L"
"187","Butylbenzene_tert_uf_µg_L"
"188","Nodularin_uf_µg_L"
"189","Dichlorobenzene_14_uf_µg_L"
"190","Nonylphenolethoxylate_uf_µg_L"
"191","Mirex_uf_µg_L"
"192","Dichlorvos_uf_µg_L"
"193","Fluorenes_C1_uf_µg_L"
"194","Ethylbenzene_uf_µg_L"
"195","HCH_alpha._uf_µg_L"
"196","SpecCond_uf_µS_cm"
"197","MicrocystinLR_uf_µg_L"
"198","Famphur_uf_µg_L"
"199","Fonofos_uf_µg_L"
"200","Fluoranthene_uf_µg_L"
"201","Dibenzothiophenes_C3_uf_µg_L"
"202","Deltamethrin_uf_µg_L"
"203","Trimethylbenzene_124_uf_µg_L"
"204","Endrin_Ketone_uf_µg_L"
"205","Chlorfenvinphos_uf_µg_L"
"206","Dichloropropane_13_uf_µg_L"
"207","Fluorenes_C2_uf_µg_L"
"208","PCB044_uf_µg_L"
"209","Dimethylnaphthalene_26_uf_µg_L"
"210","DesmethylLR_uf_µg_L"
"211","Dichloroethylene_cis_12_uf_µg_L"
"212","Al_f_µg_L"
"213","Dibromomethane_uf_µg_L"
"214","MicrocystinLF_uf_µg_L"
"215","PCB060_uf_µg_L"
"216","Methylfluorene_1_uf_µg_L"
"217","Mn_µg_g"
"218","Nonachlor_trans_uf_µg_L"
"219","Dichlofenthion_uf_µg_L"
"220","MicrocystinLW_uf_µg_L"
"221","Diazinon_uf_µg_L"
"222","Dibenzothiophenes_C1_uf_µg_L"
"223","Acenaphthene_ng_g"
"224","Dichlorobenzene_13_uf_µg_L"
"225","Ethoprop_uf_µg_L"
"226","Methylphenanthrene_1_uf_µg_L"
"227","Ametryn_uf_µg_L"
"228","Leptophos_uf_µg_L"
"229","AnatoxinA_Particulate_µg_L"
"230","Endosulfan_II_uf_µg_L"
"231","Butylbenzene_n_uf_µg_L"
"232","Mn_uf_µg_L"
"233","DeltamethrinTralomethrin_uf_µg_L"
"234","CarbonTetrachloride_uf_µg_L"
"235","Dichlorobenzene_12_uf_µg_L"
"236","Bolstar_uf_µg_L"
"237","Acenaphthylene_ng_g"
"238","AFDM_Algae_Particulate_g_m2"
"239","Ag_uf_mg_kg"
"240","Al_uf_mg_kg"
"241","Aldrin_ng_g"
"242","Aldrin_ppb"
"243","Alkalinity_mg_L"
"244","AlkalinityCaCO3_f_mg_L"
"245","AlkalinityCaCO3_uf_mg_L"
"246","Allethrin_ng_g"
"247","Ametryne_ppb"
"248","Anthracene_uf_ng_g"
"249","As_f_mg_L"
"250","As_uf_mg_kg"
"251","As_uf_mg_L"
"252","Aspon_ppb"
"253","Atraton_ppb"
"254","Atrazine_ppb"
"255","AzinphosEthyl_ppb"
"256","AzinphosMethyl_ppb"
"257","B_uf_mg_L"
"258","Ba_uf_mg_kg"
"259","Be_uf_mg_kg"
"260","Benz.a.anthracene_ng_g"
"261","Benzo.a.pyrene_ng_g"
"262","Benzo.b.fluoranthene_ng_g"
"263","Benzo.e.pyrene_ng_g"
"264","Benzo.g.h.i.perylene_ng_g"
"265","Benzo.k.fluoranthene_ng_g"
"266","Bicarbonate_HCO3_mg_L"
"267","Bifenthrin_ng_g"
"268","Biphenyl_ng_g"
"269","BOD_mg_L"
"270","Bolstar_ng_g"
"271","Ca_f_mg_L"
"272","Ca_uf_mg_L"
"273","CanonicalStationID"
"274","Carbonate_CaCO3_mg_L"
"275","Carbophenothion_ppb"
"276","Cd_f_mg_L"
"277","Cd_uf_mg_L"
"278","CHECK.THIS"
"279","Chlor_a_mg_m2"
"280","Chlor_a_mg_m3"
"281","Chlor_a_Particulate_mg_m2"
"282","Chlordane_alpha_ng_g"
"283","Chlordane_cis_ng_g"
"284","Chlordane_trans_ng_g"
"285","Chlordene_cis_ng_g"
"286","Chlordene_gamma_ng_g"
"287","Chlordene_trans_ng_g"
"288","Chlorfenvinphos_ppb"
"289","Chlorpyrifos_methyl_ng_g"
"290","Chlorpyrifos_ng_g"
"291","ChlorpyrifosMethyl_ppb"
"292","ChlorthalDimethyl_ppb"
"293","Chrysene_ng_g"
"294","Chrysenes_C1_ng_g"
"295","Chrysenes_C2_ng_g"
"296","Chrysenes_C3_ng_g"
"297","Cinerin1_ng_g"
"298","Cinerin2_ng_g"
"299","Ciodrin_ppb"
"300","Cl_f_mg_L"
"301","COD_mg_L"
"302","Coliform_Fecal_MPN_100mL"
"303","Coliform_Total_MPN_100mL"
"304","CollDate"
"305","Color_True_CU"
"306","Coumaphos_ppb"
"307","County"
"308","Cr_f_mg_L"
"309","Cr_uf_mg_L"
"310","CSCI"
"311","Cu_f_mg_L"
"312","Cu_uf_mg_L"
"313","Cyfluthrin_ng_g"
"314","Cyhalothrin_lambda_ng_g"
"315","Cyhalothrin_lambda_ppb"
"316","Cypermethrin_ng_g"
"317","Dacthal_ng_g"
"318","Danitol_ng_g"
"319","DCBP.p.p.._ng_g"
"320","DDD.o.p.._ng_g"
"321","DDD.p.p.._ng_g"
"322","DDE.o.p.._ng_g"
"323","DDE.p.p.._ng_g"
"324","DDMU.p.p.._ng_g"
"325","DDT.o.p.._ng_g"
"326","DDT.p.p.._ng_g"
"327","DDTs_Total_ng_g"
"328","DDVP_ppb"
"329","Deltamethrin_ng_g"
"330","DeltamethrinTralomethrin_ng_g"
"331","Demeton_s_ng_g"
"332","Demeton_ug_L"
"333","Diazinon_ng_g"
"334","Diazinon_ug_L"
"335","Dibenz.a.h.anthracene_ng_g"
"336","Dibenzothiophene_ng_g"
"337","Dibenzothiophenes_C1_ng_g"
"338","Dibenzothiophenes_C2_ng_g"
"339","Dibenzothiophenes_C3_ng_g"
"340","Dibutyltin_Sn_ng_g"
"341","DIC_f_mg_L"
"342","Dichlofenthion_ng_g"
"343","Dichlofenthion_ppb"
"344","Dichlorvos_ng_g"
"345","Dicrotophos_ppb"
"346","Dieldrin_ng_g"
"347","Dieldrin_ppb"
"348","Dimethylnaphthalene_2.6_ng_g"
"349","Dimethylphenanthrene_3.6_ng_g"
"350","Dioxathion._ng_g"
"351","Dioxathion_ppb"
"352","DO_uf_mg_L"
"353","DOC_f_mg_L"
"354","DP_f_mg_L"
"355","DP_P_mg_L"
"356","E_coli_MPN_100_mL"
"357","Endosulfan_I_ng_g"
"358","Endosulfan_II_ng_g"
"359","Endosulfan_II_ppb"
"360","Endosulfan_ppb"
"361","Endosulfan_sulfate_ng_g"
"362","Endosulfan_Sulfate_ppb"
"363","Endrin_Aldehyde_ng_g"
"364","Endrin_Aldehyde_ppb"
"365","Endrin_Ketone_ng_g"
"366","Endrin_Ketone_ppb"
"367","Endrin_ppb"
"368","Endrin_uf_ng_g"
"369","Enterococci_MPN_100mL"
"370","Enterococcus_MPN_100_mL"
"371","Esfenvalerate_ng_g"
"372","EsfenvalerateFenvalerate_ng_g"
"373","Ethion_ng_g"
"374","Ethion_ppb"
"375","Ethoprop_ng_g"
"376","Ethoprop_ppb"
"377","F_uf_mg_L"
"378","Famphur_ppb"
"379","Fenchlorphos_ng_g"
"380","Fenitrothion_ng_g"
"381","Fenpropathrin_ppb"
"382","Fensulfothion_ng_g"
"383","Fenthion_ng_g"
"384","Fenvalerate_ng_g"
"385","Fipronil_ng_g"
"386","FipronilDesulfinyl_ng_g"
"387","FipronilSulfide_ng_g"
"388","FipronilSulfone_ng_g"
"389","Fluoranthene_ng_g"
"390","FluoranthenePyrenes_C1_ng_g"
"391","Fluorene_ng_g"
"392","Fluorenes_C1_ng_g"
"393","Fluorenes_C2_ng_g"
"394","Fluorenes_C3_ng_g"
"395","Fluvalinate_ng_g"
"396","Fluvalinate_uf_ng_L"
"397","Fonofos_ng_g"
"398","Fonofos_ppb"
"399","Group"
"400","Hardness_CaCO3_f_mg_L"
"401","Hardness_CaCO3_uf_mg_L"
"402","HCH_alpha._ng_g"
"403","HCH_beta_ng_g"
"404","HCH_delta_ng_g"
"405","HCH_gamma_ng_g"
"406","Heptachlor_epoxide_ng_g"
"407","Heptachlor_ng_g"
"408","Heptachlor_ppb"
"409","HeptachlorEpoxide_ppb"
"410","Hexachlorobenzene_ng_g"
"411","Hexachlorobenzene_ppb"
"412","Hg_f_ng_L"
"413","Hg_uf_mg_kg_FishTissue"
"414","Hg_uf_ng_L"
"415","HydroxideAlk_CaCO3_mg_L"
"416","Indeno.1.2.3.c.d.pyrene_ng_g"
"417","Jasmoline1_ng_g"
"418","Jasmoline2_ng_g"
"419","K_f_mg_L"
"420","K_uf_mg_L"
"421","Latitude"
"422","Leptophos_ppb"
"423","Longitude"
"424","Malathion_ng_g"
"425","Malathion_ug_L"
"426","MBAS_mg_L"
"427","MBAS_uf_mg_L"
"428","MeanAlkalinity"
"429","Merphos_ng_g"
"430","Methoxychlor_ng_g"
"431","Methoxychlor_ppb"
"432","Methyldibenzothiophene_4_ng_g"
"433","Methylfluoranthene_2_ng_g"
"434","Methylfluorene_1_ng_g"
"435","Methylnaphthalene_1_ng_g"
"436","Methylnaphthalene_2_ng_g"
"437","Methylphenanthrene_1_ng_g"
"438","Mevinphos_ng_g"
"439","Mevinphos_ppb"
"440","Mg_f_mg_L"
"441","Mg_uf_mg_L"
"442","Mirex_ng_g"
"443","Mirex_ppb"
"444","Molinate_ppb"
"445","Monobutyltin_Sn_ng_g"
"446","Na_f_mg_L"
"447","Na_uf_mg_L"
"448","Naled_ppb"
"449","Naphthalene_ng_g"
"450","Naphthalenes_C1_ng_g"
"451","Naphthalenes_C2_ng_g"
"452","Naphthalenes_C3_ng_g"
"453","Naphthalenes_C4_ng_g"
"454","NH3_N_f_mg_L"
"455","NH3_N_mg_kg_ww"
"456","NH3_N_uf_mg_L"
"457","Ni_f_mg_L"
"458","Ni_uf_mg_L"
"459","NO2_N_f_mg_L"
"460","NO2_N_uf_mg_L"
"461","NO2NO3_N_f_mg_L"
"462","NO2NO3_N_uf_mg_L"
"463","NO3_N_f_mg_L"
"464","NO3_N_uf_mg_L"
"465","Nonachlor_cis_ng_g"
"466","Nonachlor_trans_ng_g"
"467","O2Sat_uf_."
"468","Oil_Grease_mg_L"
"469","oPO4_P_f_mg_L"
"470","oPO4_P_uf_mg_L"
"471","Oxadiazon_ng_g"
"472","Oxadiazon_ppb"
"473","Oxychlordane_ng_g"
"474","PAHs_ng_g"
"475","Parathion_Ethyl_ng_g"
"476","Parathion_Methyl_ng_g"
"477","Pb_f_mg_L"
"478","Pb_uf_mg_L"
"479","PBDE017_ng_g"
"480","PBDE028_ng_g"
"481","PBDE047_ng_g"
"482","PBDE066_ng_g"
"483","PBDE085_ng_g"
"484","PBDE099_ng_g"
"485","PBDE100_ng_g"
"486","PBDE138_ng_g"
"487","PBDE153_ng_g"
"488","PBDE154_ng_g"
"489","PBDE183_ng_g"
"490","PBDE190_ng_g"
"491","PBDE209_ng_g"
"492","PCB_AROCLOR_1248_ng_g"
"493","PCB_AROCLOR_1254_ng_g"
"494","PCB_AROCLOR_1260_ng_g"
"495","PCB003_ng_g"
"496","PCB008_ng_g"
"497","PCB018_ng_g"
"498","PCB027_ng_g"
"499","PCB028_ng_g"
"500","PCB029_ng_g"
"501","PCB031_ng_g"
"502","PCB033_ng_g"
"503","PCB037_ng_g"
"504","PCB044_ng_g"
"505","PCB049_ng_g"
"506","PCB052_ng_g"
"507","PCB056_ng_g"
"508","PCB060_ng_g"
"509","PCB064_ng_g"
"510","PCB066_ng_g"
"511","PCB070_ng_g"
"512","PCB074_ng_g"
"513","PCB077_ng_g"
"514","PCB081_ng_g"
"515","PCB087_ng_g"
"516","PCB095_ng_g"
"517","PCB097_ng_g"
"518","PCB099_ng_g"
"519","PCB101_ng_g"
"520","PCB105_ng_g"
"521","PCB110_ng_g"
"522","PCB114_ng_g"
"523","PCB118_ng_g"
"524","PCB119_ng_g"
"525","PCB123_ng_g"
"526","PCB126_ng_g"
"527","PCB128_ng_g"
"528","PCB137_ng_g"
"529","PCB138_ng_g"
"530","PCB141_ng_g"
"531","PCB146_ng_g"
"532","PCB149_ng_g"
"533","PCB151_ng_g"
"534","PCB153_ng_g"
"535","PCB156_ng_g"
"536","PCB157_ng_g"
"537","PCB158_ng_g"
"538","PCB167_ng_g"
"539","PCB168_132_ng_g"
"540","PCB168_ng_g"
"541","PCB169_ng_g"
"542","PCB170_ng_g"
"543","PCB174_ng_g"
"544","PCB177_ng_g"
"545","PCB180_ng_g"
"546","PCB183_ng_g"
"547","PCB187_ng_g"
"548","PCB189_ng_g"
"549","PCB194_ng_g"
"550","PCB195_ng_g"
"551","PCB198_199_ng_g"
"552","PCB200_ng_g"
"553","PCB201_ng_g"
"554","PCB203_ng_g"
"555","PCB206_ng_g"
"556","PCB209_ng_g"
"557","Permethrin_cis_ng_g"
"558","Permethrin_ng_g"
"559","Permethrin_trans_ng_g"
"560","Perthane_ng_g"
"561","Perylene_ng_g"
"562","pH"
"563","Phenanthrene_ng_g"
"564","PhenanthreneAnthracene_C1_ng_g"
"565","PhenanthreneAnthracene_C2_ng_g"
"566","PhenanthreneAnthracene_C3_ng_g"
"567","PhenanthreneAnthracene_C4_ng_g"
"568","Phorate_ng_g"
"569","Phosphamidon_ng_g"
"570","Phosphamidon_ppb"
"571","PiperonylButoxide_ng_g"
"572","PO4_P_mg_kg"
"573","PO4_P_uf_mg_L"
"574","Prallethrin_ng_g"
"575","Prometon_ppb"
"576","Prometryn_ppb"
"577","Propazine_ppb"
"578","Prothiofos_ppb"
"579","Pyrene_ng_g"
"580","Pyrethrin1_ng_g"
"581","Pyrethrin2_ng_g"
"582","Resmethrin_ng_g"
"583","Ronnel_ppb"
"584","S_mg_kg"
"585","Salinity_uf_ppt"
"586","SampleDate"
"587","Sb_f_mg_L"
"588","Sb_uf_mg_L"
"589","Se_f_mg_L"
"590","Se_uf_mg_L"
"591","Secbumeton_ppb"
"592","Si_SiO2_f_mg_L"
"593","Si_SiO2_uf_mg_L"
"594","Simazine_ppb"
"595","Simetryn_ppb"
"596","SO4_f_mg_L"
"597","SO4_uf_mg_L"
"598","Solids_."
"599","Solids_mg_L"
"600","StationID_Master"
"601","Stream_Name"
"602","Sulfotep_ng_g"
"603","Sulfotep_ppb"
"604","Sulprofos_ppb"
"605","SuspSedConc_Particulate_mg_L"
"606","SWAMP_Station_Code"
"607","TDS_calc_mg_L"
"608","TDS_f_mg_L"
"609","Tedion_ng_g"
"610","Temp_degC"
"611","Temp_degF"
"612","Terbufos_ppb"
"613","Terbuthylazine_ppb"
"614","Terbutryn_ppb"
"615","Tetrachlorvinphos_ng_g"
"616","Tetrachlorvinphos_ppb"
"617","Tetradifon_ppb"
"618","Thiobencarb_ppb"
"619","Thionazin_ng_g"
"620","Thionazin_ppb"
"621","TKN_uf_mg_L"
"622","TN_mg_kg"
"623","TN_uf_mg_L"
"624","TOC_."
"625","TOC_uf_mg_L"
"626","Tokuthion_ng_g"
"627","Toxaphene_ng_g"
"628","TP_mg_L"
"629","TP_P_uf_mg_L"
"630","Tributyltin_Sn_ng_g"
"631","Trichloronate_ng_g"
"632","Trichlorophon_ppb"
"633","Trimethylnaphthalene_2.3.5_ng_g"
"634","TSS_uf_mg_L"
"635","Turb_NTU"
"636","Zn_f_mg_L"
"637","Zn_uf_mg_L"
"638","Erythromycin_H2O_uf_µg_L"
"639","Methoxychlor_uf_µg_L"
"640","Chlordene_trans_uf_µg_L"
"641","Endrin_Aldehyde_uf_µg_L"
"642","Sulfadimethoxine_uf_µg_L"
"643","Chlorpyrifos_methyl_uf_µg_L"
"644","Bromodichloromethane_uf_µg_L"
"645","Chrysenes_C1_uf_µg_L"
"646","MicrocystinLY_Particulate_µg_L"
"647","MicrocystinRR_uf_µg_L"
"648","Ag_uf_µg_L"
"649","Methylnaphthalene_2_uf_µg_L"
"650","Carbophenothion_uf_µg_L"
"651","Dieldrin_uf_µg_L"
"652","Dichloropropane_22_uf_µg_L"
"653","Acenaphthene_uf_µg_L"
"654","PCB141_uf_µg_L"
"655","Atraton_uf_µg_L"
"656","Ethion_uf_µg_L"
"657","Anthracene_uf_µg_L"
"658","Endosulfan_sulfate_uf_µg_L"
"659","DesmethylLR_Particulate_µg_L"
"660","DDT.o.p.._uf_µg_L"
"661","DomoicAcid_uf_µg_L"
"662","Dibromoethane_12_uf_µg_L"
"663","DomoicAcid_Particulate_µg_L"
"664","Al_uf_µg_L"
"665","Chrysenes_C2_uf_µg_L"
"666","Endrin_uf_µg_L"
"667","Dibenz.a.h.anthracene_uf_µg_L"
"668","Molinate_uf_µg_L"
"669","Ag_f_µg_L"
"670","Carbamazepine_uf_µg_L"
"671","EsfenvalerateFenvalerate2_uf_µg_L"
"672","MicrocystinLA_Particulate_µg_L"
"673","EsfenvalerateFenvalerate1_uf_µg_L"
"674","Allethrin_uf_µg_L"
"675","Chlordene_cis_uf_µg_L"
"676","Chlorobenzene_uf_µg_L"
"677","Trichloroethane_111_uf_µg_L"
"678","Estradiol_17beta_uf_µg_L"
"679","Benz.a.anthracene_uf_µg_L"
"680","Dibromo.3.Chloropropane_1.2..DBCP._uf_µg_L"
"681","Chlordene_gamma_uf_µg_L"
"682","Chlorotoluene_2_uf_µg_L"
"683","Chloroform_uf_µg_L"
"684","Chlorpyrifos_uf_µg_L"
"685","Chlordene_alpha_uf_µg_L"
"686","Chrysene_uf_µg_L"
"687","Fluoxetine_uf_µg_L"
"688","Acenaphthylene_uf_µg_L"
"689","Chlorotoluene_4_uf_µg_L"
"690","Chlortetracycline_uf_µg_L"
"691","Endosulfan_I_uf_µg_L"
"692","Danitol_uf_µg_L"
"693","MTBE_uf_µg_L"
"694","AnatoxinA_uf_µg_L"
"695","Azinphos.methyl_uf_µg_L"
"696","Azinphos.ethyl_uf_µg_L"
"697","Chlordane_cis_uf_µg_L"
"698","Carbadox_uf_µg_L"
"699","Caffeine_uf_µg_L"
"700","Cd_µg_g"
"701","DDE.o.p.._uf_µg_L"
"702","Dacthal_uf_µg_L"
"703","Chlordane_trans_uf_µg_L"
"704","Nodularin_Particulate_µg_L"
"705","DDD.o.p.._uf_µg_L"
"706","Dichloropropane_12_uf_µg_L"
"707","DDE.p.p.._uf_µg_L"
"708","MicrocystinYR_uf_µg_L"
"709","DDT.p.p.._uf_µg_L"
"710","Chlor_a_Particulate_µg_L"
"711","DDD.p.p.._uf_µg_L"
"712","Chlorpyrifos_µg_L"
"713","DDMU.p.p.._uf_µg_L"
"714","Bromoform_uf_µg_L"
"715","Dicrotophos_uf_µg_L"
"716","DesmethylRR_Particulate_µg_L"
"717","Benzo.b.fluoranthene_uf_µg_L"
"718","Ciodrin_uf_µg_L"
"719","Benzo.a.pyrene_uf_µg_L"
"720","Aldrin_uf_µg_L"
"721","Cypermethrin_uf_µg_L"
"722","MicrocystinLR_Particulate_µg_L"
"723","Benzo.e.pyrene_uf_µg_L"
"724","Bifenthrin_uf_µg_L"
"725","EsfenvalerateFenvalerate_uf_µg_L"
"726","Cr_µg_g"
"727","Coumaphos_uf_µg_L"
"728","Butylbenzene_sec_uf_µg_L"
"729","Benzo.g.h.i.perylene_uf_µg_L"
"730","Biphenyl_uf_µg_L"
"731","Cu_µg_g"
"732","Cyhalothrin_lambda_uf_µg_L"
"733","Bromochloromethane_uf_µg_L"
"734","Bromobenzene_uf_µg_L"
"735","Cyfluthrin_uf_µg_L"
"736","MicrocystinLW_Particulate_µg_L"
"737","Demeton_s_uf_µg_L"
"738","Benzene_uf_µg_L"
"739","Chrysenes_C3_uf_µg_L"
